{"graph_0": {"_type": "graph-file", "path": "media/graph/g.r.a.p.h._.0_summary_4f489daf.graph.json", "sha256": "4f489dafc4abd6582faf2d093cdc0eeb6911bac1ad7d3d1b1cdc85b12847fb5a", "size": 4755}, "train_FIVO(4)_t": -55.58946058115064, "train_IWAE(4)_t": -55.58946058115064, "valid_FIVO(4)_t": -44.41712896447433, "valid_IWAE(4)_t": -44.43047915006939, "test_FIVO(32)_t": -43.59110904049564, "test_IWAE(32)_t": -43.60013198852539, "_step": 2, "_runtime": 218, "_timestamp": 1607790758}