{"train_KLD": 80.99897003173828, "train_NLL": 371.2516784667969, "train_loss": 464.5126122886958, "_step": 50, "_runtime": 1624, "_timestamp": 1607266799, "valid_KLD": 76.28220507973118, "valid_NLL": 402.98810938784953, "valid_loss": 479.2703144675807}