{"train_KLD": 11.457825660705566, "train_NLL": 912.1926879882812, "train_loss": 2845.399603298137, "_step": 1, "_runtime": 30, "_timestamp": 1607200716}