{"graph_0": {"_type": "graph-file", "path": "media/graph/g.r.a.p.h._.0_summary_5bca7c19.graph.json", "sha256": "5bca7c19fba69de47502a221bf413a2b6d12d1d3a40d8836ef78c0d3404b06fe", "size": 4763}, "train_FIVO(4)_t": -11.500838117307971, "train_IWAE(4)_t": -11.500838117307971, "_step": 5, "_runtime": 271, "_timestamp": 1607790117, "valid_FIVO(4)_t": -11.18943190574646, "valid_IWAE(4)_t": -11.189687590850028}