{"train_KLD": 22.384140014648438, "train_NLL": 848.0811767578125, "train_loss": 887.8026714741403, "_step": 2, "_runtime": 83, "_timestamp": 1607265136}