{"graph_0": {"_type": "graph-file", "path": "media/graph/g.r.a.p.h._.0_summary_8ddec5a7.graph.json", "sha256": "8ddec5a78ac695b97502a6f70fa3d86ca75035b9f03b33eba77e73949d474953", "size": 4763}, "train_FIVO(4)_t": -11.500838117307971, "train_IWAE(4)_t": -11.500838117307971, "_step": 5, "_runtime": 299, "_timestamp": 1607790508, "valid_FIVO(4)_t": -11.18943190574646, "valid_IWAE(4)_t": -11.189687590850028}