{"train_KLD": 11.45781421661377, "train_NLL": 912.1926879882812, "train_loss": 2845.399165124352, "_step": 1, "_runtime": 32, "_timestamp": 1607264830}